<?xml version="1.0" encoding="UTF-8"?>
<!-- Product Version: Vivado v2022.2 (64-bit)                     -->
<!--                                                              -->
<!-- Copyright 1986-2022 Xilinx, Inc. All Rights Reserved.        -->

<hwsession version="1" minor="2">
  <device name="xc7s50_0" gui_info=""/>
  <ObjectList object_type="hw_device" gui_info="">
    <Object name="xc7s50_0" gui_info="">
      <Properties Property="FULL_PROBES.FILE" value=""/>
      <Properties Property="PROBES.FILE" value=""/>
      <Properties Property="PROGRAM.HW_BITSTREAM" value="$_project_name_.runs/impl_1/processor_top.bit"/>
      <Properties Property="SLR.COUNT" value="1"/>
    </Object>
  </ObjectList>
  <ObjectList object_type="hw_ila" gui_info="">
    <Object name="" gui_info="">
      <Properties Property="CONTROL.TRIGGER_CONDITION" value="AND"/>
      <Properties Property="CORE_REFRESH_RATE_MS" value="500"/>
    </Object>
    <Object name="u_ila_0" gui_info="">
      <Properties Property="CONTROL.DATA_DEPTH" value="512"/>
      <Properties Property="CONTROL.TRIGGER_CONDITION" value="AND"/>
      <Properties Property="CONTROL.TRIGGER_POSITION" value="256"/>
      <Properties Property="CONTROL.WINDOW_COUNT" value="1"/>
      <Properties Property="CORE_REFRESH_RATE_MS" value="500"/>
    </Object>
  </ObjectList>
  <ObjectList object_type="hw_probe" gui_info="">
    <Object name="run_i_IBUF" gui_info=""/>
    <Object name="slc3/cpu/cpu_control/state[2:0]" gui_info="Trigger Setup=0"/>
    <Object name="slc3/cpu/cpu_control/state[4:0]" gui_info="Trigger Setup=0"/>
  </ObjectList>
  <probeset name="hw project" active="false">
    <probe type="ila" busType="net" source="netlist" spec="ILA_V2_RT">
      <probeOptions Id="DebugProbeParams">
        <Option Id="CAPTURE_COMPARE_VALUE" value="eq16&apos;hXXXX"/>
        <Option Id="COMPARE_VALUE.0" value="eq16&apos;hXXXX"/>
        <Option Id="DISPLAY_AS_ENUM" value="1"/>
        <Option Id="DISPLAY_HINT" value=""/>
        <Option Id="DISPLAY_RADIX" value="HEX"/>
        <Option Id="DISPLAY_VISIBILITY" value=""/>
        <Option Id="HW_ILA" value="hw_ila_1"/>
        <Option Id="LINK_TO_WAVEFORM" value="1"/>
        <Option Id="MAP" value="probe3[15:0]"/>
        <Option Id="NAME.CUSTOM" value=""/>
        <Option Id="NAME.SELECT" value="Long"/>
        <Option Id="SOURCE" value="netlist"/>
        <Option Id="TRIGGER_COMPARE_VALUE" value="eq16&apos;hXXXX"/>
        <Option Id="WAVEFORM_STYLE" value="Digital"/>
      </probeOptions>
      <nets>
        <net name="led_o_OBUF[15]"/>
        <net name="led_o_OBUF[14]"/>
        <net name="led_o_OBUF[13]"/>
        <net name="led_o_OBUF[12]"/>
        <net name="led_o_OBUF[11]"/>
        <net name="led_o_OBUF[10]"/>
        <net name="led_o_OBUF[9]"/>
        <net name="led_o_OBUF[8]"/>
        <net name="led_o_OBUF[7]"/>
        <net name="led_o_OBUF[6]"/>
        <net name="led_o_OBUF[5]"/>
        <net name="led_o_OBUF[4]"/>
        <net name="led_o_OBUF[3]"/>
        <net name="led_o_OBUF[2]"/>
        <net name="led_o_OBUF[1]"/>
        <net name="led_o_OBUF[0]"/>
      </nets>
    </probe>
    <probe type="ila" busType="net" source="netlist" spec="ILA_V2_RT">
      <probeOptions Id="DebugProbeParams">
        <Option Id="CAPTURE_COMPARE_VALUE" value="eq1&apos;bX"/>
        <Option Id="COMPARE_VALUE.0" value="eq1&apos;bX"/>
        <Option Id="DISPLAY_AS_ENUM" value="1"/>
        <Option Id="DISPLAY_HINT" value=""/>
        <Option Id="DISPLAY_RADIX" value="HEX"/>
        <Option Id="DISPLAY_VISIBILITY" value=""/>
        <Option Id="HW_ILA" value="hw_ila_1"/>
        <Option Id="LINK_TO_WAVEFORM" value="1"/>
        <Option Id="MAP" value="probe2[0]"/>
        <Option Id="NAME.CUSTOM" value=""/>
        <Option Id="NAME.SELECT" value="Long"/>
        <Option Id="SOURCE" value="netlist"/>
        <Option Id="TRIGGER_COMPARE_VALUE" value="eq1&apos;bX"/>
        <Option Id="WAVEFORM_STYLE" value="Digital"/>
      </probeOptions>
      <nets>
        <net name="run_i_IBUF"/>
      </nets>
    </probe>
    <probe type="ila" busType="net" source="netlist" spec="ILA_V2_RT">
      <probeOptions Id="DebugProbeParams">
        <Option Id="CAPTURE_COMPARE_VALUE" value="eq3&apos;hX"/>
        <Option Id="COMPARE_VALUE.0" value="eq3&apos;b011"/>
        <Option Id="DISPLAY_AS_ENUM" value="1"/>
        <Option Id="DISPLAY_HINT" value=""/>
        <Option Id="DISPLAY_RADIX" value="HEX"/>
        <Option Id="DISPLAY_VISIBILITY" value=""/>
        <Option Id="HW_ILA" value="hw_ila_1"/>
        <Option Id="LINK_TO_WAVEFORM" value="1"/>
        <Option Id="MAP" value="probe0[2:0]"/>
        <Option Id="NAME.CUSTOM" value=""/>
        <Option Id="NAME.SELECT" value="Long"/>
        <Option Id="SOURCE" value="netlist"/>
        <Option Id="TRIGGER_COMPARE_VALUE" value="eq3&apos;b011"/>
        <Option Id="WAVEFORM_STYLE" value="Digital"/>
        <Option Id="ENUM.halted" value="eq3&apos;b000"/>
        <Option Id="ENUM.pause_ir1" value="eq3&apos;b110"/>
        <Option Id="ENUM.pause_ir2" value="eq3&apos;b111"/>
        <Option Id="ENUM.s_18" value="eq3&apos;b001"/>
        <Option Id="ENUM.s_33_1" value="eq3&apos;b010"/>
        <Option Id="ENUM.s_33_2" value="eq3&apos;b011"/>
        <Option Id="ENUM.s_33_3" value="eq3&apos;b100"/>
        <Option Id="ENUM.s_35" value="eq3&apos;b101"/>
      </probeOptions>
      <nets>
        <net name="slc3/cpu/cpu_control/state[2]"/>
        <net name="slc3/cpu/cpu_control/state[1]"/>
        <net name="slc3/cpu/cpu_control/state[0]"/>
      </nets>
    </probe>
    <probe type="ila" busType="net" source="netlist" spec="ILA_V2_RT">
      <probeOptions Id="DebugProbeParams">
        <Option Id="CAPTURE_COMPARE_VALUE" value="eq5&apos;hXX"/>
        <Option Id="COMPARE_VALUE.0" value="eq5&apos;es_5"/>
        <Option Id="DISPLAY_AS_ENUM" value="1"/>
        <Option Id="DISPLAY_HINT" value=""/>
        <Option Id="DISPLAY_RADIX" value="HEX"/>
        <Option Id="DISPLAY_VISIBILITY" value=""/>
        <Option Id="HW_ILA" value="hw_ila_1"/>
        <Option Id="LINK_TO_WAVEFORM" value="1"/>
        <Option Id="MAP" value="probe0[4:0]"/>
        <Option Id="NAME.CUSTOM" value=""/>
        <Option Id="NAME.SELECT" value="Long"/>
        <Option Id="SOURCE" value="netlist"/>
        <Option Id="TRIGGER_COMPARE_VALUE" value="eq5&apos;es_5"/>
        <Option Id="WAVEFORM_STYLE" value="Digital"/>
        <Option Id="ENUM.halted" value="eq5&apos;b00000"/>
        <Option Id="ENUM.pause_ir1" value="eq5&apos;b00001"/>
        <Option Id="ENUM.pause_ir2" value="eq5&apos;b00010"/>
        <Option Id="ENUM.s_0" value="eq5&apos;b10110"/>
        <Option Id="ENUM.s_1" value="eq5&apos;b01001"/>
        <Option Id="ENUM.s_12" value="eq5&apos;b11000"/>
        <Option Id="ENUM.s_16_1" value="eq5&apos;b10011"/>
        <Option Id="ENUM.s_16_2" value="eq5&apos;b10100"/>
        <Option Id="ENUM.s_16_3" value="eq5&apos;b10101"/>
        <Option Id="ENUM.s_18" value="eq5&apos;b00011"/>
        <Option Id="ENUM.s_21" value="eq5&apos;b11010"/>
        <Option Id="ENUM.s_22" value="eq5&apos;b10111"/>
        <Option Id="ENUM.s_23" value="eq5&apos;b10010"/>
        <Option Id="ENUM.s_25_1" value="eq5&apos;b01101"/>
        <Option Id="ENUM.s_25_2" value="eq5&apos;b01110"/>
        <Option Id="ENUM.s_25_3" value="eq5&apos;b01111"/>
        <Option Id="ENUM.s_27" value="eq5&apos;b10000"/>
        <Option Id="ENUM.s_32" value="eq5&apos;b01000"/>
        <Option Id="ENUM.s_33_1" value="eq5&apos;b00100"/>
        <Option Id="ENUM.s_33_2" value="eq5&apos;b00101"/>
        <Option Id="ENUM.s_33_3" value="eq5&apos;b00110"/>
        <Option Id="ENUM.s_35" value="eq5&apos;b00111"/>
        <Option Id="ENUM.s_4" value="eq5&apos;b11001"/>
        <Option Id="ENUM.s_5" value="eq5&apos;b01010"/>
        <Option Id="ENUM.s_6" value="eq5&apos;b01100"/>
        <Option Id="ENUM.s_7" value="eq5&apos;b10001"/>
        <Option Id="ENUM.s_9" value="eq5&apos;b01011"/>
      </probeOptions>
      <nets>
        <net name="slc3/cpu/cpu_control/state[4]"/>
        <net name="slc3/cpu/cpu_control/state[3]"/>
        <net name="slc3/cpu/cpu_control/state[2]"/>
        <net name="slc3/cpu/cpu_control/state[1]"/>
        <net name="slc3/cpu/cpu_control/state[0]"/>
      </nets>
    </probe>
    <probe type="ila" busType="net" source="netlist" spec="ILA_V2_RT">
      <probeOptions Id="DebugProbeParams">
        <Option Id="CAPTURE_COMPARE_VALUE" value="eq1&apos;bX"/>
        <Option Id="COMPARE_VALUE.0" value="eq1&apos;bX"/>
        <Option Id="DISPLAY_AS_ENUM" value="1"/>
        <Option Id="DISPLAY_HINT" value=""/>
        <Option Id="DISPLAY_RADIX" value="HEX"/>
        <Option Id="DISPLAY_VISIBILITY" value=""/>
        <Option Id="HW_ILA" value="hw_ila_1"/>
        <Option Id="LINK_TO_WAVEFORM" value="1"/>
        <Option Id="MAP" value="probe4[0]"/>
        <Option Id="NAME.CUSTOM" value=""/>
        <Option Id="NAME.SELECT" value="Long"/>
        <Option Id="SOURCE" value="netlist"/>
        <Option Id="TRIGGER_COMPARE_VALUE" value="eq1&apos;bX"/>
        <Option Id="WAVEFORM_STYLE" value="Digital"/>
      </probeOptions>
      <nets>
        <net name="slc3/cpu/gate_pc"/>
      </nets>
    </probe>
    <probe type="ila" busType="net" source="netlist" spec="ILA_V2_RT">
      <probeOptions Id="DebugProbeParams">
        <Option Id="CAPTURE_COMPARE_VALUE" value="eq1&apos;bX"/>
        <Option Id="COMPARE_VALUE.0" value="eq1&apos;bX"/>
        <Option Id="DISPLAY_AS_ENUM" value="1"/>
        <Option Id="DISPLAY_HINT" value=""/>
        <Option Id="DISPLAY_RADIX" value="HEX"/>
        <Option Id="DISPLAY_VISIBILITY" value=""/>
        <Option Id="HW_ILA" value="hw_ila_1"/>
        <Option Id="LINK_TO_WAVEFORM" value="1"/>
        <Option Id="MAP" value="probe5[0]"/>
        <Option Id="NAME.CUSTOM" value=""/>
        <Option Id="NAME.SELECT" value="Long"/>
        <Option Id="SOURCE" value="netlist"/>
        <Option Id="TRIGGER_COMPARE_VALUE" value="eq1&apos;bX"/>
        <Option Id="WAVEFORM_STYLE" value="Digital"/>
      </probeOptions>
      <nets>
        <net name="slc3/cpu/ld_mdr"/>
      </nets>
    </probe>
    <probe type="ila" busType="net" source="netlist" spec="ILA_V2_RT">
      <probeOptions Id="DebugProbeParams">
        <Option Id="CAPTURE_COMPARE_VALUE" value="eq12&apos;hXXX"/>
        <Option Id="COMPARE_VALUE.0" value="eq12&apos;hXXX"/>
        <Option Id="DISPLAY_AS_ENUM" value="1"/>
        <Option Id="DISPLAY_HINT" value=""/>
        <Option Id="DISPLAY_RADIX" value="HEX"/>
        <Option Id="DISPLAY_VISIBILITY" value=""/>
        <Option Id="HW_ILA" value="hw_ila_1"/>
        <Option Id="LINK_TO_WAVEFORM" value="1"/>
        <Option Id="MAP" value="probe1[11:0]"/>
        <Option Id="NAME.CUSTOM" value=""/>
        <Option Id="NAME.SELECT" value="Long"/>
        <Option Id="SOURCE" value="netlist"/>
        <Option Id="TRIGGER_COMPARE_VALUE" value="eq12&apos;hXXX"/>
        <Option Id="WAVEFORM_STYLE" value="Digital"/>
      </probeOptions>
      <nets>
        <net name="slc3/cpu/mar_reg/data_q[15]"/>
        <net name="slc3/cpu/mar_reg/data_q[14]"/>
        <net name="slc3/cpu/mar_reg/data_q[13]"/>
        <net name="slc3/cpu/mar_reg/data_q[12]"/>
        <net name="slc3/cpu/mar_reg/data_q[11]"/>
        <net name="slc3/cpu/mar_reg/data_q[10]"/>
        <net name="slc3/cpu/mar_reg/data_q[9]"/>
        <net name="slc3/cpu/mar_reg/data_q[8]"/>
        <net name="slc3/cpu/mar_reg/data_q[7]"/>
        <net name="slc3/cpu/mar_reg/data_q[6]"/>
        <net name="slc3/cpu/mar_reg/data_q[5]"/>
        <net name="slc3/cpu/mar_reg/data_q[4]"/>
      </nets>
    </probe>
    <probe type="ila" busType="net" source="netlist" spec="ILA_V2_RT">
      <probeOptions Id="DebugProbeParams">
        <Option Id="CAPTURE_COMPARE_VALUE" value="eq16&apos;hXXXX"/>
        <Option Id="COMPARE_VALUE.0" value="eq16&apos;hXXXX"/>
        <Option Id="DISPLAY_AS_ENUM" value="1"/>
        <Option Id="DISPLAY_HINT" value=""/>
        <Option Id="DISPLAY_RADIX" value="HEX"/>
        <Option Id="DISPLAY_VISIBILITY" value=""/>
        <Option Id="HW_ILA" value="hw_ila_1"/>
        <Option Id="LINK_TO_WAVEFORM" value="1"/>
        <Option Id="MAP" value="probe1[15:0]"/>
        <Option Id="NAME.CUSTOM" value=""/>
        <Option Id="NAME.SELECT" value="Long"/>
        <Option Id="SOURCE" value="netlist"/>
        <Option Id="TRIGGER_COMPARE_VALUE" value="eq16&apos;hXXXX"/>
        <Option Id="WAVEFORM_STYLE" value="Digital"/>
      </probeOptions>
      <nets>
        <net name="slc3/cpu/pc[15]"/>
        <net name="slc3/cpu/pc[14]"/>
        <net name="slc3/cpu/pc[13]"/>
        <net name="slc3/cpu/pc[12]"/>
        <net name="slc3/cpu/pc[11]"/>
        <net name="slc3/cpu/pc[10]"/>
        <net name="slc3/cpu/pc[9]"/>
        <net name="slc3/cpu/pc[8]"/>
        <net name="slc3/cpu/pc[7]"/>
        <net name="slc3/cpu/pc[6]"/>
        <net name="slc3/cpu/pc[5]"/>
        <net name="slc3/cpu/pc[4]"/>
        <net name="slc3/cpu/pc[3]"/>
        <net name="slc3/cpu/pc[2]"/>
        <net name="slc3/cpu/pc[1]"/>
        <net name="slc3/cpu/pc[0]"/>
      </nets>
    </probe>
    <probe type="ila" busType="net" source="netlist" spec="ILA_V2_RT">
      <probeOptions Id="DebugProbeParams">
        <Option Id="CAPTURE_COMPARE_VALUE" value="eq16&apos;hXXXX"/>
        <Option Id="COMPARE_VALUE.0" value="eq16&apos;hXXXX"/>
        <Option Id="DISPLAY_AS_ENUM" value="1"/>
        <Option Id="DISPLAY_HINT" value=""/>
        <Option Id="DISPLAY_RADIX" value="HEX"/>
        <Option Id="DISPLAY_VISIBILITY" value=""/>
        <Option Id="HW_ILA" value="hw_ila_1"/>
        <Option Id="LINK_TO_WAVEFORM" value="1"/>
        <Option Id="MAP" value="probe1[15:0]"/>
        <Option Id="NAME.CUSTOM" value=""/>
        <Option Id="NAME.SELECT" value="Long"/>
        <Option Id="SOURCE" value="netlist"/>
        <Option Id="TRIGGER_COMPARE_VALUE" value="eq16&apos;hXXXX"/>
        <Option Id="WAVEFORM_STYLE" value="Digital"/>
      </probeOptions>
      <nets>
        <net name="sw_i_IBUF[15]"/>
        <net name="sw_i_IBUF[14]"/>
        <net name="sw_i_IBUF[13]"/>
        <net name="sw_i_IBUF[12]"/>
        <net name="sw_i_IBUF[11]"/>
        <net name="sw_i_IBUF[10]"/>
        <net name="sw_i_IBUF[9]"/>
        <net name="sw_i_IBUF[8]"/>
        <net name="sw_i_IBUF[7]"/>
        <net name="sw_i_IBUF[6]"/>
        <net name="sw_i_IBUF[5]"/>
        <net name="sw_i_IBUF[4]"/>
        <net name="sw_i_IBUF[3]"/>
        <net name="sw_i_IBUF[2]"/>
        <net name="sw_i_IBUF[1]"/>
        <net name="sw_i_IBUF[0]"/>
      </nets>
    </probe>
  </probeset>
</hwsession>
