<?xml version="1.0"?>
<Runs Version="1" Minor="0">
	<Run Id="blk_mem_gen_0_synth_1" LaunchDir="C:/Users/curti/OneDrive/Documents/UIUC/ECE-385/Vivado Projects/lab_5/lab_5.runs/blk_mem_gen_0_synth_1" FlowId="Vivado_Synthesis" FromStepId="vivado" ToStepId="vivado"/>
	<Run Id="synth_1" LaunchDir="C:/Users/curti/OneDrive/Documents/UIUC/ECE-385/Vivado Projects/lab_5/lab_5.runs/synth_1" FlowId="Vivado_Synthesis" FromStepId="vivado" ToStepId="vivado">
		<Parent Id="blk_mem_gen_0_synth_1"/>
	</Run>
	<Parameters>
		<Parameter Name="runs.monitorLSFJobs" Val="true" Type="bool"/>
		<Parameter Name="runs.enableClusterConf" Val="true" Type="bool"/>
	</Parameters>
</Runs>

