<?xml version="1.0" encoding="UTF-8"?>
<GenRun Id="impl_1" LaunchPart="xc7s50csga324-1" LaunchTime="1728652280">
  <File Type="ROUTE-PWR" Name="processor_top_power_routed.rpt"/>
  <File Type="PA-TCL" Name="processor_top.tcl"/>
  <File Type="BITSTR-MMI" Name="processor_top.mmi"/>
  <File Type="OPT-METHODOLOGY-DRC" Name="processor_top_methodology_drc_opted.rpt"/>
  <File Type="INIT-TIMING" Name="processor_top_timing_summary_init.rpt"/>
  <File Type="ROUTE-PWR-SUM" Name="processor_top_power_summary_routed.pb"/>
  <File Type="REPORTS-TCL" Name="processor_top_reports.tcl"/>
  <File Type="OPT-TIMING" Name="processor_top_timing_summary_opted.rpt"/>
  <File Type="OPT-DCP" Name="processor_top_opt.dcp"/>
  <File Type="OPT-DRC" Name="processor_top_drc_opted.rpt"/>
  <File Type="OPT-HWDEF" Name="processor_top.hwdef"/>
  <File Type="PWROPT-DCP" Name="processor_top_pwropt.dcp"/>
  <File Type="PWROPT-DRC" Name="processor_top_drc_pwropted.rpt"/>
  <File Type="PWROPT-TIMING" Name="processor_top_timing_summary_pwropted.rpt"/>
  <File Type="PLACE-DCP" Name="processor_top_placed.dcp"/>
  <File Type="PLACE-IO" Name="processor_top_io_placed.rpt"/>
  <File Type="PLACE-CLK" Name="processor_top_clock_utilization_placed.rpt"/>
  <File Type="PLACE-UTIL" Name="processor_top_utilization_placed.rpt"/>
  <File Type="PLACE-UTIL-PB" Name="processor_top_utilization_placed.pb"/>
  <File Type="PLACE-CTRL" Name="processor_top_control_sets_placed.rpt"/>
  <File Type="PLACE-SIMILARITY" Name="processor_top_incremental_reuse_placed.rpt"/>
  <File Type="PLACE-PRE-SIMILARITY" Name="processor_top_incremental_reuse_pre_placed.rpt"/>
  <File Type="BG-BIN" Name="processor_top.bin"/>
  <File Type="PLACE-TIMING" Name="processor_top_timing_summary_placed.rpt"/>
  <File Type="POSTPLACE-PWROPT-DCP" Name="processor_top_postplace_pwropt.dcp"/>
  <File Type="BITSTR-MSK" Name="processor_top.msk"/>
  <File Type="POSTPLACE-PWROPT-TIMING" Name="processor_top_timing_summary_postplace_pwropted.rpt"/>
  <File Type="PHYSOPT-DCP" Name="processor_top_physopt.dcp"/>
  <File Type="PHYSOPT-DRC" Name="processor_top_drc_physopted.rpt"/>
  <File Type="BITSTR-RBT" Name="processor_top.rbt"/>
  <File Type="PHYSOPT-TIMING" Name="processor_top_timing_summary_physopted.rpt"/>
  <File Type="ROUTE-ERROR-DCP" Name="processor_top_routed_error.dcp"/>
  <File Type="ROUTE-DCP" Name="processor_top_routed.dcp"/>
  <File Type="ROUTE-BLACKBOX-DCP" Name="processor_top_routed_bb.dcp"/>
  <File Type="ROUTE-DRC" Name="processor_top_drc_routed.rpt"/>
  <File Type="ROUTE-DRC-PB" Name="processor_top_drc_routed.pb"/>
  <File Type="ROUTE-DRC-RPX" Name="processor_top_drc_routed.rpx"/>
  <File Type="ROUTE-METHODOLOGY-DRC" Name="processor_top_methodology_drc_routed.rpt"/>
  <File Type="ROUTE-METHODOLOGY-DRC-RPX" Name="processor_top_methodology_drc_routed.rpx"/>
  <File Type="ROUTE-METHODOLOGY-DRC-PB" Name="processor_top_methodology_drc_routed.pb"/>
  <File Type="ROUTE-PWR-RPX" Name="processor_top_power_routed.rpx"/>
  <File Type="ROUTE-STATUS" Name="processor_top_route_status.rpt"/>
  <File Type="ROUTE-STATUS-PB" Name="processor_top_route_status.pb"/>
  <File Type="ROUTE-TIMINGSUMMARY" Name="processor_top_timing_summary_routed.rpt"/>
  <File Type="ROUTE-TIMING-PB" Name="processor_top_timing_summary_routed.pb"/>
  <File Type="ROUTE-TIMING-RPX" Name="processor_top_timing_summary_routed.rpx"/>
  <File Type="ROUTE-SIMILARITY" Name="processor_top_incremental_reuse_routed.rpt"/>
  <File Type="ROUTE-CLK" Name="processor_top_clock_utilization_routed.rpt"/>
  <File Type="ROUTE-BUS-SKEW" Name="processor_top_bus_skew_routed.rpt"/>
  <File Type="ROUTE-BUS-SKEW-PB" Name="processor_top_bus_skew_routed.pb"/>
  <File Type="ROUTE-BUS-SKEW-RPX" Name="processor_top_bus_skew_routed.rpx"/>
  <File Type="POSTROUTE-PHYSOPT-DCP" Name="processor_top_postroute_physopt.dcp"/>
  <File Type="POSTROUTE-PHYSOPT-BLACKBOX-DCP" Name="processor_top_postroute_physopt_bb.dcp"/>
  <File Type="POSTROUTE-PHYSOPT-TIMING" Name="processor_top_timing_summary_postroute_physopted.rpt"/>
  <File Type="POSTROUTE-PHYSOPT-TIMING-PB" Name="processor_top_timing_summary_postroute_physopted.pb"/>
  <File Type="POSTROUTE-PHYSOPT-TIMING-RPX" Name="processor_top_timing_summary_postroute_physopted.rpx"/>
  <File Type="POSTROUTE-PHYSOPT-BUS-SKEW" Name="processor_top_bus_skew_postroute_physopted.rpt"/>
  <File Type="BG-BIT" Name="processor_top.bit"/>
  <File Type="POSTROUTE-PHYSOPT-BUS-SKEW-PB" Name="processor_top_bus_skew_postroute_physopted.pb"/>
  <File Type="POSTROUTE-PHYSOPT-BUS-SKEW-RPX" Name="processor_top_bus_skew_postroute_physopted.rpx"/>
  <File Type="BITSTR-NKY" Name="processor_top.nky"/>
  <File Type="BITSTR-BMM" Name="processor_top_bd.bmm"/>
  <File Type="PDI-FILE" Name="processor_top.pdi"/>
  <File Type="RCFI_FILE" Name="processor_top.rcfi"/>
  <File Type="CFI_FILE" Name="processor_top.cfi"/>
  <File Type="RNPI_FILE" Name="processor_top.rnpi"/>
  <File Type="NPI_FILE" Name="processor_top.npi"/>
  <File Type="RBD_FILE" Name="processor_top.rbd"/>
  <File Type="BITSTR-LTX" Name="debug_nets.ltx"/>
  <File Type="BITSTR-LTX" Name="processor_top.ltx"/>
  <File Type="BITSTR-SYSDEF" Name="processor_top.sysdef"/>
  <File Type="BG-BGN" Name="processor_top.bgn"/>
  <File Type="BG-DRC" Name="processor_top.drc"/>
  <File Type="RDI-RDI" Name="processor_top.vdi"/>
  <File Type="WBT-USG" Name="usage_statistics_webtalk.html"/>
  <File Type="ROUTE-RQS" Name="processor_top_routed.rqs"/>
  <File Type="POSTROUTE-PHYSOPT-RQS" Name="processor_top_postroute_physopted.rqs"/>
  <File Type="ROUTE-RQS-RPT" Name="route_report_qor_suggestions_0.rpt"/>
  <File Type="POSTROUTE-PHYSOPT-RQS-RPT" Name="postroute_physopt_report_qor_suggestions_0.rpt"/>
  <FileSet Name="sources" Type="DesignSrcs" RelSrcDir="$PSRCDIR/sources_1" RelGenDir="$PGENDIR/sources_1">
    <Filter Type="Srcs"/>
    <File Path="$PSRCDIR/sources_1/ip/blk_mem_gen_0_2/blk_mem_gen_0.xci">
      <FileInfo>
        <Attr Name="UsedIn" Val="synthesis"/>
        <Attr Name="UsedIn" Val="implementation"/>
        <Attr Name="UsedIn" Val="simulation"/>
      </FileInfo>
    </File>
    <File Path="$PSRCDIR/sources_1/ip/blk_mem_gen_1_1/blk_mem_gen_1.xci">
      <FileInfo>
        <Attr Name="UsedIn" Val="synthesis"/>
        <Attr Name="UsedIn" Val="implementation"/>
        <Attr Name="UsedIn" Val="simulation"/>
      </FileInfo>
    </File>
    <File Path="$PPRDIR/lab5_provided_fa24/srcs/control.sv">
      <FileInfo>
        <Attr Name="UsedIn" Val="synthesis"/>
        <Attr Name="UsedIn" Val="implementation"/>
        <Attr Name="UsedIn" Val="simulation"/>
      </FileInfo>
    </File>
    <File Path="$PPRDIR/lab5_provided_fa24/srcs/cpu.sv">
      <FileInfo>
        <Attr Name="UsedIn" Val="synthesis"/>
        <Attr Name="UsedIn" Val="implementation"/>
        <Attr Name="UsedIn" Val="simulation"/>
      </FileInfo>
    </File>
    <File Path="$PPRDIR/lab5_provided_fa24/srcs/test_memory.sv">
      <FileInfo>
        <Attr Name="UsedIn" Val="synthesis"/>
        <Attr Name="UsedIn" Val="implementation"/>
        <Attr Name="UsedIn" Val="simulation"/>
      </FileInfo>
    </File>
    <File Path="$PPRDIR/lab5_provided_fa24/srcs/types.sv">
      <FileInfo>
        <Attr Name="UsedIn" Val="synthesis"/>
        <Attr Name="UsedIn" Val="implementation"/>
        <Attr Name="UsedIn" Val="simulation"/>
      </FileInfo>
    </File>
    <File Path="$PPRDIR/lab5_provided_fa24/srcs/cpu_to_io.sv">
      <FileInfo>
        <Attr Name="UsedIn" Val="synthesis"/>
        <Attr Name="UsedIn" Val="implementation"/>
        <Attr Name="UsedIn" Val="simulation"/>
      </FileInfo>
    </File>
    <File Path="$PPRDIR/lab5_provided_fa24/srcs/slc3.sv">
      <FileInfo>
        <Attr Name="UsedIn" Val="synthesis"/>
        <Attr Name="UsedIn" Val="implementation"/>
        <Attr Name="UsedIn" Val="simulation"/>
      </FileInfo>
    </File>
    <File Path="$PPRDIR/lab5_provided_fa24/srcs/memory.sv">
      <FileInfo>
        <Attr Name="UsedIn" Val="synthesis"/>
        <Attr Name="UsedIn" Val="implementation"/>
        <Attr Name="UsedIn" Val="simulation"/>
      </FileInfo>
    </File>
    <File Path="$PPRDIR/lab5_provided_fa24/srcs/sync.sv">
      <FileInfo>
        <Attr Name="UsedIn" Val="synthesis"/>
        <Attr Name="UsedIn" Val="implementation"/>
        <Attr Name="UsedIn" Val="simulation"/>
      </FileInfo>
    </File>
    <File Path="$PPRDIR/lab5_provided_fa24/srcs/processor_top.sv">
      <FileInfo>
        <Attr Name="UsedIn" Val="synthesis"/>
        <Attr Name="UsedIn" Val="implementation"/>
        <Attr Name="UsedIn" Val="simulation"/>
      </FileInfo>
    </File>
    <File Path="$PPRDIR/lab5_provided_fa24/srcs/hex_driver.sv">
      <FileInfo>
        <Attr Name="UsedIn" Val="synthesis"/>
        <Attr Name="UsedIn" Val="implementation"/>
        <Attr Name="UsedIn" Val="simulation"/>
      </FileInfo>
    </File>
    <File Path="$PPRDIR/lab5_provided_fa24/srcs/instantiate_ram.sv">
      <FileInfo>
        <Attr Name="UsedIn" Val="synthesis"/>
        <Attr Name="UsedIn" Val="implementation"/>
        <Attr Name="UsedIn" Val="simulation"/>
      </FileInfo>
    </File>
    <File Path="$PPRDIR/lab5_provided_fa24/srcs/load_reg.sv">
      <FileInfo>
        <Attr Name="UsedIn" Val="synthesis"/>
        <Attr Name="UsedIn" Val="implementation"/>
        <Attr Name="UsedIn" Val="simulation"/>
      </FileInfo>
    </File>
    <File Path="$PSRCDIR/sources_1/new/register_file.sv">
      <FileInfo>
        <Attr Name="UsedIn" Val="synthesis"/>
        <Attr Name="UsedIn" Val="implementation"/>
        <Attr Name="UsedIn" Val="simulation"/>
      </FileInfo>
    </File>
    <File Path="$PSRCDIR/sources_1/new/alu.sv">
      <FileInfo>
        <Attr Name="UsedIn" Val="synthesis"/>
        <Attr Name="UsedIn" Val="implementation"/>
        <Attr Name="UsedIn" Val="simulation"/>
      </FileInfo>
    </File>
    <File Path="$PSRCDIR/sources_1/new/address_adder.sv">
      <FileInfo>
        <Attr Name="UsedIn" Val="synthesis"/>
        <Attr Name="UsedIn" Val="implementation"/>
        <Attr Name="UsedIn" Val="simulation"/>
      </FileInfo>
    </File>
    <Config>
      <Option Name="DesignMode" Val="RTL"/>
      <Option Name="TopModule" Val="processor_top"/>
    </Config>
  </FileSet>
  <FileSet Name="constrs_in" Type="Constrs" RelSrcDir="$PSRCDIR/constrs_1">
    <Filter Type="Constrs"/>
    <File Path="$PPRDIR/lab5_provided_fa24/pin_assignment/top.xdc">
      <FileInfo>
        <Attr Name="UsedIn" Val="synthesis"/>
        <Attr Name="UsedIn" Val="implementation"/>
      </FileInfo>
    </File>
    <Config>
      <Option Name="TargetConstrsFile" Val="$PPRDIR/lab5_provided_fa24/pin_assignment/top.xdc"/>
      <Option Name="ConstrsType" Val="XDC"/>
    </Config>
  </FileSet>
  <FileSet Name="utils" Type="Utils" RelSrcDir="$PSRCDIR/utils_1">
    <Filter Type="Utils"/>
    <File Path="$PSRCDIR/utils_1/imports/synth_1/processor_top.dcp">
      <FileInfo>
        <Attr Name="UsedIn" Val="synthesis"/>
        <Attr Name="UsedIn" Val="implementation"/>
        <Attr Name="UsedInSteps" Val="synth_1"/>
        <Attr Name="AutoDcp" Val="1"/>
      </FileInfo>
    </File>
    <Config>
      <Option Name="TopAutoSet" Val="TRUE"/>
    </Config>
  </FileSet>
  <Strategy Version="1" Minor="2">
    <StratHandle Name="Vivado Implementation Defaults" Flow="Vivado Implementation 2022">
      <Desc>Default settings for Implementation.</Desc>
    </StratHandle>
    <Step Id="init_design"/>
    <Step Id="opt_design"/>
    <Step Id="power_opt_design"/>
    <Step Id="place_design"/>
    <Step Id="post_place_power_opt_design"/>
    <Step Id="phys_opt_design"/>
    <Step Id="route_design"/>
    <Step Id="post_route_phys_opt_design"/>
    <Step Id="write_bitstream"/>
  </Strategy>
</GenRun>
