<?xml version="1.0" encoding="UTF-8"?>
<GenRun Id="impl_1" LaunchPart="xc7s50csga324-1" LaunchTime="1727448133">
  <File Type="ROUTE-PWR" Name="multiplier_power_routed.rpt"/>
  <File Type="PA-TCL" Name="multiplier.tcl"/>
  <File Type="ROUTE-PWR-SUM" Name="multiplier_power_summary_routed.pb"/>
  <File Type="REPORTS-TCL" Name="multiplier_reports.tcl"/>
  <File Type="BITSTR-MSK" Name="multiplier.msk"/>
  <File Type="ROUTE-CLK" Name="multiplier_clock_utilization_routed.rpt"/>
  <File Type="RDI-RDI" Name="multiplier.vdi"/>
  <File Type="BG-BIT" Name="multiplier.bit"/>
  <File Type="BG-DRC" Name="multiplier.drc"/>
  <File Type="BG-BGN" Name="multiplier.bgn"/>
  <File Type="BG-BIN" Name="multiplier.bin"/>
  <File Type="BITSTR-RBT" Name="multiplier.rbt"/>
  <File Type="BITSTR-NKY" Name="multiplier.nky"/>
  <File Type="BITSTR-BMM" Name="multiplier_bd.bmm"/>
  <File Type="BITSTR-MMI" Name="multiplier.mmi"/>
  <File Type="ROUTE-METHODOLOGY-DRC" Name="multiplier_methodology_drc_routed.rpt"/>
  <File Type="BITSTR-SYSDEF" Name="multiplier.sysdef"/>
  <File Type="BITSTR-LTX" Name="debug_nets.ltx"/>
  <File Type="BITSTR-LTX" Name="multiplier.ltx"/>
  <File Type="WBT-USG" Name="usage_statistics_webtalk.html"/>
  <File Type="OPT-DRC" Name="multiplier_drc_opted.rpt"/>
  <File Type="OPT-HWDEF" Name="multiplier.hwdef"/>
  <File Type="PLACE-IO" Name="multiplier_io_placed.rpt"/>
  <File Type="PLACE-UTIL" Name="multiplier_utilization_placed.rpt"/>
  <File Type="PLACE-UTIL-PB" Name="multiplier_utilization_placed.pb"/>
  <File Type="PLACE-CTRL" Name="multiplier_control_sets_placed.rpt"/>
  <File Type="PLACE-PRE-SIMILARITY" Name="multiplier_incremental_reuse_pre_placed.rpt"/>
  <File Type="ROUTE-DRC" Name="multiplier_drc_routed.rpt"/>
  <File Type="ROUTE-DRC-PB" Name="multiplier_drc_routed.pb"/>
  <File Type="ROUTE-PWR-RPX" Name="multiplier_power_routed.rpx"/>
  <File Type="ROUTE-STATUS" Name="multiplier_route_status.rpt"/>
  <File Type="ROUTE-STATUS-PB" Name="multiplier_route_status.pb"/>
  <File Type="ROUTE-DCP" Name="multiplier_routed.dcp"/>
  <File Type="ROUTE-ERROR-DCP" Name="multiplier_routed_error.dcp"/>
  <File Type="ROUTE-BLACKBOX-DCP" Name="multiplier_routed_bb.dcp"/>
  <File Type="ROUTE-TIMINGSUMMARY" Name="multiplier_timing_summary_routed.rpt"/>
  <File Type="ROUTE-TIMING-PB" Name="multiplier_timing_summary_routed.pb"/>
  <File Type="ROUTE-TIMING-RPX" Name="multiplier_timing_summary_routed.rpx"/>
  <File Type="ROUTE-BUS-SKEW" Name="multiplier_bus_skew_routed.rpt"/>
  <File Type="ROUTE-BUS-SKEW-PB" Name="multiplier_bus_skew_routed.pb"/>
  <File Type="ROUTE-BUS-SKEW-RPX" Name="multiplier_bus_skew_routed.rpx"/>
  <File Type="OPT-DCP" Name="multiplier_opt.dcp"/>
  <File Type="PLACE-DCP" Name="multiplier_placed.dcp"/>
  <File Type="PWROPT-DCP" Name="multiplier_pwropt.dcp"/>
  <File Type="POSTPLACE-PWROPT-DCP" Name="multiplier_postplace_pwropt.dcp"/>
  <File Type="PHYSOPT-DCP" Name="multiplier_physopt.dcp"/>
  <File Type="POSTROUTE-PHYSOPT-DCP" Name="multiplier_postroute_physopt.dcp"/>
  <File Type="POSTROUTE-PHYSOPT-BLACKBOX-DCP" Name="multiplier_postroute_physopt_bb.dcp"/>
  <File Type="ROUTE-METHODOLOGY-DRC-PB" Name="multiplier_methodology_drc_routed.pb"/>
  <File Type="ROUTE-DRC-RPX" Name="multiplier_drc_routed.rpx"/>
  <File Type="ROUTE-METHODOLOGY-DRC-RPX" Name="multiplier_methodology_drc_routed.rpx"/>
  <File Type="PDI-FILE" Name="multiplier.pdi"/>
  <File Type="RCFI_FILE" Name="multiplier.rcfi"/>
  <File Type="CFI_FILE" Name="multiplier.cfi"/>
  <File Type="RNPI_FILE" Name="multiplier.rnpi"/>
  <File Type="NPI_FILE" Name="multiplier.npi"/>
  <File Type="RBD_FILE" Name="multiplier.rbd"/>
  <File Type="ROUTE-RQS" Name="multiplier_routed.rqs"/>
  <File Type="POSTROUTE-PHYSOPT-RQS" Name="multiplier_postroute_physopted.rqs"/>
  <File Type="ROUTE-RQS-RPT" Name="route_report_qor_suggestions_0.rpt"/>
  <File Type="POSTROUTE-PHYSOPT-RQS-RPT" Name="postroute_physopt_report_qor_suggestions_0.rpt"/>
  <FileSet Name="sources" Type="DesignSrcs" RelSrcDir="$PSRCDIR/sources_1" RelGenDir="$PGENDIR/sources_1">
    <Filter Type="Srcs"/>
    <File Path="$PSRCDIR/sources_1/new/HexDriver.sv">
      <FileInfo>
        <Attr Name="UsedIn" Val="synthesis"/>
        <Attr Name="UsedIn" Val="implementation"/>
        <Attr Name="UsedIn" Val="simulation"/>
      </FileInfo>
    </File>
    <File Path="$PSRCDIR/sources_1/new/RegisterA.sv">
      <FileInfo>
        <Attr Name="UsedIn" Val="synthesis"/>
        <Attr Name="UsedIn" Val="implementation"/>
        <Attr Name="UsedIn" Val="simulation"/>
      </FileInfo>
    </File>
    <File Path="$PSRCDIR/sources_1/new/RegisterB.sv">
      <FileInfo>
        <Attr Name="UsedIn" Val="synthesis"/>
        <Attr Name="UsedIn" Val="implementation"/>
        <Attr Name="UsedIn" Val="simulation"/>
      </FileInfo>
    </File>
    <File Path="$PSRCDIR/sources_1/new/Synchronizers.sv">
      <FileInfo>
        <Attr Name="UsedIn" Val="synthesis"/>
        <Attr Name="UsedIn" Val="implementation"/>
        <Attr Name="UsedIn" Val="simulation"/>
      </FileInfo>
    </File>
    <File Path="$PSRCDIR/sources_1/new/control_unit.sv">
      <FileInfo>
        <Attr Name="UsedIn" Val="synthesis"/>
        <Attr Name="UsedIn" Val="implementation"/>
        <Attr Name="UsedIn" Val="simulation"/>
      </FileInfo>
    </File>
    <File Path="$PSRCDIR/sources_1/new/ripple_adder.sv">
      <FileInfo>
        <Attr Name="UsedIn" Val="synthesis"/>
        <Attr Name="UsedIn" Val="implementation"/>
        <Attr Name="UsedIn" Val="simulation"/>
      </FileInfo>
    </File>
    <File Path="$PSRCDIR/sources_1/new/multiplier.sv">
      <FileInfo>
        <Attr Name="UsedIn" Val="synthesis"/>
        <Attr Name="UsedIn" Val="implementation"/>
        <Attr Name="UsedIn" Val="simulation"/>
      </FileInfo>
    </File>
    <Config>
      <Option Name="DesignMode" Val="RTL"/>
      <Option Name="TopModule" Val="multiplier"/>
      <Option Name="TopAutoSet" Val="TRUE"/>
    </Config>
  </FileSet>
  <FileSet Name="constrs_in" Type="Constrs" RelSrcDir="$PSRCDIR/constrs_1">
    <Filter Type="Constrs"/>
    <File Path="$PSRCDIR/constrs_1/new/top.xdc">
      <FileInfo>
        <Attr Name="UsedIn" Val="synthesis"/>
        <Attr Name="UsedIn" Val="implementation"/>
      </FileInfo>
    </File>
    <Config>
      <Option Name="TargetConstrsFile" Val="$PSRCDIR/constrs_1/new/top.xdc"/>
      <Option Name="ConstrsType" Val="XDC"/>
    </Config>
  </FileSet>
  <FileSet Name="utils" Type="Utils" RelSrcDir="$PSRCDIR/utils_1">
    <Filter Type="Utils"/>
    <File Path="$PSRCDIR/utils_1/imports/synth_1/multiplier.dcp">
      <FileInfo>
        <Attr Name="UsedIn" Val="synthesis"/>
        <Attr Name="UsedIn" Val="implementation"/>
        <Attr Name="UsedInSteps" Val="synth_1"/>
        <Attr Name="AutoDcp" Val="1"/>
      </FileInfo>
    </File>
    <Config>
      <Option Name="TopAutoSet" Val="TRUE"/>
    </Config>
  </FileSet>
  <Strategy Version="1" Minor="2">
    <StratHandle Name="Vivado Implementation Defaults" Flow="Vivado Implementation 2022"/>
    <Step Id="init_design"/>
    <Step Id="opt_design"/>
    <Step Id="power_opt_design"/>
    <Step Id="place_design"/>
    <Step Id="post_place_power_opt_design"/>
    <Step Id="phys_opt_design"/>
    <Step Id="route_design"/>
    <Step Id="post_route_phys_opt_design"/>
    <Step Id="write_bitstream"/>
  </Strategy>
</GenRun>
